Date,Seller,Buyer,Item,Price,Durability,Rarity
6/27/2015 7:35:17 AM,iSmooth,xWarlord24x,Accelerator III,"$12,500",25,g
6/28/2015 5:12:56 AM,HermesLLC,MrFruitSalt,Accelerator V,"$7,000",20,g
6/26/2015 1:50:37 AM,Galactica,TacticalLime,Accelerator VI,"$17,000",39,g
6/28/2015 5:25:49 AM,ficwriterpau,Zrayth0,Accelerator XII,"$8,990",61,g
6/26/2015 9:49:06 AM,NZmike,RoyalSpy,Agent Tech I,"$150,000",100,b
6/25/2015 12:32:26 PM,jokerii,DayanaBR,Agent Tech I,"$100,000",100,g
6/27/2015 8:53:46 AM,VistaCruiser,cupunubitol,Agony III,"$15,000",85,g
6/28/2015 9:38:57 AM,HermesLLC,DaGuide,Agony IV,"$15,000",27,g
6/29/2015 6:46:52 PM,castitatus,Ginger777,Agony IX,"$25,000",30,p
6/28/2015 9:38:57 AM,HermesLLC,DaGuide,Agony XII,"$15,000",38,g
6/27/2015 12:06:21 PM,jokerii,GalaxyGamer,Agony XVII,"$84,104",65,p
6/30/2015 12:41:14 AM,Deathknot,mook,Ajax Gambit IX,"$100,000",38,g
6/30/2015 3:54:27 AM,ShadyDream,WarKrimez,Alien Hunter,"$2,400,000",96,o
6/30/2015 10:47:14 AM,niklascnx,TychusTwo,Alien Hunter,"$400,000",36,b
6/28/2015 7:23:33 AM,neelsie86,jokeri,Alien Hunter,"$750,000",91,p
6/28/2015 7:43:47 AM,bgvoin,Mackem,Alien Hunter,"$100,000",100,g
6/27/2015 6:30:03 AM,RegineeD,viper01,Alien Hunter,"$449,000",100,b
6/27/2015 6:52:12 AM,BaneBrE,Bastiaanb,Alien Hunter,"$185,555",62,g
6/27/2015 8:52:40 AM,jackncoke2,RoyalGuard,Alien Hunter,"$400,000",96,b
6/26/2015 7:50:34 AM,QuasarPulse,IronBank,Alien Hunter,"$500,000",100,b
6/26/2015 8:23:25 AM,RoyalPriest,IronBank,Alien Hunter,"$450,000",59,b
6/25/2015 3:18:28 PM,grmmff2,DiZZLe,Alien Hunter,"$1,000,000",82,o
6/25/2015 3:36:26 AM,crackin21,WarKrimez,Alien Hunter,"$700,000",100,p
6/28/2015 12:48:13 AM,likestospell,Tertaerus,Animus II,"$5,000",31,g
6/28/2015 1:00:53 AM,HermesLLC,Tertaerus,Animus III,"$20,000",18,g
6/27/2015 8:53:08 AM,VistaCruiser,cupugan,Animus III,"$15,000",100,g
6/27/2015 10:18:21 AM,SkippyD,TheBroker,Animus IV,"$2,356",28,g
6/29/2015 3:52:29 PM,xPendable,IneptFury,Animus VI,"$150,000",100,p
6/28/2015 1:01:20 AM,HermesLLC,Tertaerus,Animus VIII,"$20,000",42,g
6/29/2015 11:39:24 AM,olo,Greyboar,Animus XII,"$1,000,000",100,r
6/27/2015 6:56:35 AM,Superman1333,Bergkvist,Atomizer V,"$150,000",62,b
6/29/2015 11:24:23 AM,KrytonRD,23Enigma,Atomizer XII,"$50,000",60,g
6/29/2015 1:46:11 AM,iSmooth,DRAGONIC,Auto Cannon I,"$25,000",16,g
6/30/2015 3:59:25 AM,UrsaKodiak,HalcyonicHun,Auto Cannon II,"$24,000",46,g
6/27/2015 6:24:01 AM,cupubank,iSmooth,Auto Cannon II,"$10,000",36,g
6/29/2015 12:06:58 AM,JCalvert,iSmooth,Auto Cannon IV,"$4,837",61,g
6/30/2015 1:48:09 PM,iSmooth,DeWolf,Auto Cannon VI,"$25,000",65,g
6/26/2015 12:02:56 AM,Cyka,bloodshed,Auto Cannon VI,"$15,000",64,g
6/26/2015 2:49:28 AM,iSmooth,NineLashes,Auto Cannon VI,"$25,000",31,g
6/27/2015 5:23:41 AM,JusticeFox,TheBroker,Auto Cannon X,"$1,120",23,g
6/30/2015 11:49:24 AM,iSmooth,Drakeslayer,Banshee III,"$29,000",53,g
6/26/2015 1:50:36 AM,Somsid,NineLashes,Banshee IX,"$75,000",47,g
6/30/2015 3:10:04 AM,GreenDragon,stormiNorm,Banshee V,"$50,000",70,g
6/30/2015 5:28:27 AM,Diva,MisterMoxxie,Basilisk I,"$9,500",25,g
6/28/2015 6:17:46 AM,iSmooth,Mackem,Basilisk V,"$12,500",44,g
6/26/2015 2:08:14 AM,pelotas,iSmooth,Basilisk V,"$2,071",44,g
6/29/2015 2:53:45 PM,cupubank,DR0NE,Basilisk VIII,"$17,000",61,g
6/26/2015 2:08:14 AM,pelotas,cupubank,Basilisk VIII,"$2,208",61,g
6/29/2015 8:27:49 PM,headstrike,Decoy1337,Basilisk XI,"$1,815",45,g
6/30/2015 7:11:52 AM,ShadyDream,fior,Battle Ram,"$1,000,000",100,p
6/27/2015 11:01:15 AM,GreenDragon,Zeus484,Battle Ram,"$200,000",100,g
6/26/2015 12:53:10 AM,soyPendejo,mikeobe14,Battle Ram,"$1,000,000",93,p
6/25/2015 12:03:10 AM,Porkinstein,Idomeneus,Behemoth VIII,"$57,000",100,b
6/26/2015 3:31:55 AM,TheDarkOne,SaraMcRealm,Behemoth XI,"$5,000",32,g
6/27/2015 1:42:51 AM,KrytonRD,2of9,Bounty Hunter,"$110,000",100,g
6/27/2015 6:50:54 AM,kamkiriad,BigO,Bounty Hunter,"$350,000",100,g
6/26/2015 1:35:36 AM,Foldem,Setan1501,Brutalizer VI,"$500,000",100,o
6/27/2015 9:03:39 AM,imoore08liv,cupugan,Brutalizer XIV,"$3,620",66,g
6/27/2015 7:15:13 AM,Seb855,kaori,Burst Cannon II,"$75,000",42,b
6/29/2015 5:20:48 AM,daddio,aaronprich,Burst Cannon IV,"$45,000",60,g
6/28/2015 6:10:37 AM,RivenDeckard,neelsie86,Burst Cannon IV,"$399,000",100,p
6/28/2015 9:24:25 AM,iSmooth,jayce33,Burst Cannon IV,"$39,000",52,g
6/29/2015 9:22:53 PM,iSmooth,daradas,Burst Cannon VI,"$29,000",41,g
6/29/2015 6:26:17 AM,Arcadia,iSmooth,Burst Cannon VI,"$10,000",41,g
6/28/2015 9:22:30 AM,iSmooth,shadowman420,Burst Cannon VI,"$35,000",47,g
6/28/2015 8:18:57 AM,WoodyGuthrie,bgvoin,Burst Cannon X,"$1,000,000",100,o
6/25/2015 8:51:56 PM,soyPendejo,hammerhead,Burst Cannon XVI,"$900,000",99,o
6/30/2015 1:14:10 PM,DangrousMind,Aishtom,Cabal Mk. I,"$25,000",52,g
6/28/2015 4:54:49 AM,siddhis,DangrousMind,Cabal Mk. I,"$30,000",52,g
6/29/2015 11:04:13 PM,ACblaster,CaptMo,Cabal Tech I,"$2,200,000",100,o
6/29/2015 8:11:54 AM,walter1989,DangrousMind,Cabal Tech I,"$999,995",100,p
6/29/2015 3:31:42 AM,crook2908,gladchap,Cabal Tech I,"$125,000",98,b
6/28/2015 4:21:24 AM,TheCrippler,EvilBetwee,Cabal Tech I,"$300,000",68,b
6/28/2015 9:33:23 AM,WarKrimez,bgvoin,Cabal Tech I,"$750,000",100,p
6/28/2015 9:45:42 AM,unclebud,Rhoxursox,Cabal Tech I,"$150,000",100,g
6/27/2015 11:04:48 AM,rabidocelot,TheDarkOne,Cabal Tech I,"$100,000",92,g
6/27/2015 11:48:11 AM,Realtx,GalaxyGamer,Cabal Tech I,"$150,000",100,g
6/30/2015 3:58:50 AM,HalcyonicHun,UN0WNR4M,Carbide Hull I,"$28,000",45,g
6/30/2015 2:22:43 AM,iSmooth,HalcyonicHun,Carbide Hull I,"$9,500",45,g
6/29/2015 8:25:28 PM,Norris,Decoy1337,Carbide Hull II,"$10,000",37,g
6/25/2015 10:47:12 AM,Chronic2000,ramhead,Carbide Hull II,"$40,000",48,b
6/30/2015 2:54:46 AM,healforone,HalcyonicHun,Carbide Hull III,"$19,999",43,b
6/29/2015 8:10:05 PM,iSmooth,GSG21,Carbide Hull IV,"$12,500",40,g
6/26/2015 2:50:37 AM,DAN2,iSmooth,Carbide Hull IV,"$1,261",63,g
6/30/2015 12:07:45 AM,lilyislost,iSmooth,Carbide Hull V,"$5,000",43,g
6/28/2015 3:14:42 AM,reddahlia,Bug,Carbide Hull V,"$30,000",88,b
6/30/2015 12:27:56 AM,Mackem,tonin,Carbide Hull VII,"$295,000",100,p
6/28/2015 2:58:21 AM,1KRYSIS,iSmooth,Carbide Hull VII,"$1,179",52,g
6/28/2015 4:48:27 AM,cyber178,Maxmorlock,Carbide Hull VII,"$50,000",50,b
6/25/2015 9:18:03 PM,,ficwriterpau,Carbide Hull VII,"$75,000",22,b
6/30/2015 12:01:03 PM,daddio,Setan1501,Carbide Hull VIII,"$35,000",34,g
6/28/2015 12:49:48 AM,Ascension,PortLeon,Carbide Hull VIII,"$50,000",41,g
6/29/2015 6:24:17 AM,Arcadia,iSmooth,Carbide Hull X,"$3,000",42,g
6/26/2015 7:56:16 AM,sacudido,iSmooth,Carbide Hull XI,"$10,000",33,g
6/28/2015 1:39:18 AM,kuledood32,Kark,Citadel Gambit VI,"$10,000",47,g
6/25/2015 10:02:44 AM,jokerii,panache,Citadel Gambit VII,"$313,839",65,p
6/27/2015 4:54:17 AM,Skystriker,snotling,Citadel Gambit XIII,"$800,000",55,p
6/27/2015 7:25:45 AM,noumanon,n000b,Composite Hull I,"$7,000",100,g
6/27/2015 7:26:11 AM,noumanon,n000b,Composite Hull I,"$9,000",100,g
6/29/2015 6:24:17 AM,Arcadia,cupubank,Composite Hull III,"$2,000",58,g
6/27/2015 5:11:52 AM,PunkyBruiser,ksigcard,Composite Hull IV,"$50,000",27,g
6/27/2015 2:34:14 AM,HermesLLC,cupubank,Composite Hull IX,"$10,000",48,g
6/30/2015 2:07:12 PM,Duffy,Wolfgard,Composite Hull V,"$5,000",39,g
6/27/2015 11:05:46 AM,imoore08liv,Duffy,Composite Hull V,"$1,100",39,g
6/29/2015 1:59:56 AM,HermesLLC,2of9,Composite Hull VI,"$150,000",49,p
6/27/2015 5:12:14 AM,GreenDrioma,ksigcard,Composite Hull VI,"$15,000",27,g
6/28/2015 9:59:05 AM,HermesLLC,Bob15519,Composite Hull VII,"$7,500",47,g
6/28/2015 3:56:52 AM,SWAT,TheBroker,Composite Hull X,"$10,000",16,b
6/29/2015 6:29:53 AM,BaneBrE,23Enigma,Composite Hull XIV,"$31,555",52,b
6/26/2015 7:00:19 AM,mree,Zombie1,Composite Hull XIX,"$2,250,000",100,r
6/30/2015 12:07:13 PM,DeathFlamezX,walter1989,Composite Hull XV,"$44,400",27,g
6/25/2015 10:18:53 PM,Porkinstein,FriedDuck,Corruptor VIII,"$32,000",100,g
6/25/2015 7:01:17 PM,chucklemub,GBank,Cytoplast Shield I,"$38,800",61,g
6/30/2015 1:32:36 PM,iSmooth,ziuteq,Cytoplast Shield II,"$9,500",55,g
6/30/2015 12:07:45 AM,lilyislost,Decoy1337,Cytoplast Shield II,"$5,000",21,g
6/27/2015 12:13:28 PM,kiryto1,MrFruitSalt,Cytoplast Shield II,"$1,980",55,g
6/26/2015 7:49:16 AM,Feli,Matthias0311,Cytoplast Shield II,"$2,928",62,g
6/29/2015 7:32:50 AM,daddio,iSmooth,Cytoplast Shield IV,"$3,500",76,g
6/28/2015 3:52:40 AM,siddhis,iSmooth,Cytoplast Shield IV,"$10,000",48,g
6/27/2015 5:12:45 AM,grokmakspear,ksigcard,Cytoplast Shield VI,"$34,000",45,g
6/25/2015 1:33:25 AM,GreenDragon,Oneil,Cytoplast Shield VI,"$30,000",46,g
6/26/2015 12:03:05 AM,JCalvert,GreenGlow6,Cytoplast Shield VIII,"$29,999",86,g
6/29/2015 3:43:22 AM,insanekilla,DuneFreak,Cytoplast Shield X,"$100,000",54,b
6/25/2015 1:04:39 AM,ayechihuahua,Gruben,Cytoplast Shield XIII,"$45,000",100,g
6/26/2015 1:15:38 AM,jaxk,Nattek,Cytoplast Shield XVI,"$300,000",90,p
6/29/2015 6:26:43 PM,PYROIS,Hadrian,Cytoplast Shield XXIV,"$1,000,000",100,o
6/27/2015 10:41:14 AM,MrFruitSalt,Prevari,Darkness VI,"$5,000",56,g
6/26/2015 7:50:16 AM,Feli,MrFruitSalt,Darkness VI,"$2,420",56,g
6/30/2015 9:10:27 AM,phillipjacks,DaGuide,DCD-V10,"$350,000",65,b
6/25/2015 8:02:21 AM,jokerii,Buckeye27,DCD-V11,"$1,150,000",80,p
6/30/2015 9:28:54 AM,GreenDragon,Ware138,DCD-V3,"$275,000",84,p
6/25/2015 9:52:09 AM,GreenDragon,Marnok,DCD-V5,"$250,000",100,b
6/28/2015 6:32:01 AM,jokeri,Jdeeznuts,DCD-V6,"$350,000",70,p
6/27/2015 12:03:20 PM,jokerii,jokeri,DCD-V6,"$291,326",70,p
6/25/2015 2:26:49 PM,DiZZLe,MrSWIV,Deflector,"$1,999,999",87,p
6/25/2015 10:30:20 AM,Gaia,DiZZLe,Deflector,"$1,000,000",87,p
6/25/2015 3:30:22 PM,grmmff2,TheDarkOne,Desolator V,"$100,000",100,b
6/29/2015 8:09:12 AM,xPendable,FORSAKEN,Desolator XI,"$350,000",100,b
6/25/2015 1:09:21 PM,followme,Neroon,Desolator XV,"$200,000",100,b
6/27/2015 2:05:00 AM,HermesLLC,iSmooth,Destruction II,"$6,500",49,g
6/30/2015 2:33:19 PM,CaptD,iSmooth,Destruction III,"$6,050",31,g
6/26/2015 1:40:48 AM,Kuba555,TacticalLime,Destruction VI,"$10,000",66,g
6/27/2015 2:21:33 AM,HermesLLC,Duffy,Diamond Armor I,"$8,000",31,g
6/27/2015 7:10:00 AM,iSmooth,n000b,Diamond Armor I,"$9,500",61,g
6/27/2015 7:28:33 AM,n000b,noumanon,Diamond Armor I,"$130,000",61,g
6/27/2015 7:22:27 AM,noumanon,n000b,Diamond Armor III,"$15,000",65,g
6/29/2015 3:40:49 AM,Ruvyen,Borg,Diamond Armor IX,"$10,000",100,g
6/25/2015 11:03:24 AM,darkspector,chucklemub,Diamond Armor IX,"$99,999",58,g
6/28/2015 8:41:24 AM,HermesLLC,blackpaarl,Diamond Armor V,"$20,000",58,g
6/27/2015 2:50:23 AM,BaneBrE,s0rc3n,Diamond Armor VII,"$8,555",57,g
6/27/2015 11:58:26 AM,SWAT,Snowflake,Diamond Armor VII,"$5,500",33,g
6/26/2015 4:57:49 AM,Norris,necroitachis,Diamond Armor VII,"$6,500",24,g
6/28/2015 8:30:52 AM,Mackem,Womble,Diamond Armor VIII,"$95,000",100,g
6/30/2015 12:56:05 PM,UCSxurn,John108,Diamond Armor X,"$75,000",100,b
6/29/2015 9:18:57 PM,Buckeye27,daradas,Diamond Armor X,"$75,000",93,b
6/29/2015 2:29:18 PM,iSmooth,Auburn14,Diamond Armor XII,"$35,000",42,g
6/25/2015 6:45:45 AM,iSmooth,spacejuggalo,Diamond Armor XIII,"$35,000",45,g
6/29/2015 3:40:22 AM,olo,DuneFreak,Drone Tech I,"$390,000",100,b
6/27/2015 7:06:01 AM,dopyHC,bastiaanb2,Drone Tech I,"$100,000",100,g
6/25/2015 2:21:49 PM,Skystriker,Danteschaos,Drone Tech I,"$300,000",100,g
6/30/2015 12:34:17 AM,CaptMo,Lylee,Drone Tech II,"$2,500,000",100,p
6/30/2015 8:06:57 AM,UrsaKodiak,Wolf87,Eradicator IX,"$100,000",57,g
6/25/2015 11:39:56 PM,CaptMo,DayanaBR,Eradicator XX,"$175,000",100,b
6/25/2015 11:42:07 AM,UrsaMajor,Somsid,Exodus I,"$50,000",32,g
6/26/2015 5:53:14 AM,jmh609,Setan1501,Exodus IX,"$544,500",95,o
6/25/2015 3:32:00 PM,grmmff2,TheDarkOne,Exodus VI,"$100,000",94,p
6/27/2015 7:09:41 AM,iSmooth,n000b,Exoprene Shield I,"$8,500",17,g
6/27/2015 7:28:51 AM,n000b,noumanon,Exoprene Shield I,"$120,000",17,g
6/30/2015 2:08:12 PM,Dynaco420,Versed,Exoprene Shield II,"$55,000",33,g
6/25/2015 7:07:29 PM,chucklemub,GBank,Exoprene Shield II,"$39,200",39,g
6/29/2015 12:36:01 AM,KiNgDaA,DRAGONIC,Exoprene Shield III,"$6,000",47,g
6/29/2015 3:31:01 PM,Leland,DreamyState,Exoprene Shield III,"$4,495",28,g
6/26/2015 8:05:38 AM,MrFruitSalt,iSmooth,Exoprene Shield III,"$4,900",44,g
6/26/2015 8:36:41 AM,TheBroker,Matthias0311,Exoprene Shield III,"$5,500",51,g
6/30/2015 11:36:48 AM,Deathknot,Bu11dog,Exoprene Shield V,"$50,000",65,g
6/30/2015 2:53:34 AM,Mackem,healforone,Exoprene Shield VI,"$99,500",100,p
6/29/2015 12:00:12 PM,Aishtom,float1,Exoprene Shield VII,"$18,000",28,g
6/28/2015 11:01:38 AM,wowwy,markcalico,Exoprene Shield VIII,"$100,000",55,g
6/27/2015 4:06:35 AM,cinc,NineLashes,Exoprene Shield VIII,"$134,400",60,b
6/25/2015 1:08:28 AM,Babooo,phillipjacks,Exoprene Shield VIII,"$300,000",55,g
6/26/2015 9:46:21 AM,ChocolateThu,spudplug,Exoprene Shield XII,"$349,000",77,p
6/25/2015 12:11:43 AM,icepick99s,Indemnity,Exoprene Shield XVIII,"$2,500,000",100,o
6/27/2015 3:57:34 AM,oculista,snotling,Exoprene Shield XX,"$1,750,000",100,o
6/28/2015 2:21:37 AM,Ruvyen,Drizzy,Exterminator VIII,"$225,000",62,b
6/29/2015 8:19:17 PM,plons,Decoy1337,Firecat VI,"$9,500",50,g
6/25/2015 4:00:45 AM,jokerii,Tertaerus,Firecat XVI,"$100,000",85,p
6/29/2015 9:32:10 AM,iSmooth,FlyingMonkey,Frenzy I,"$9,500",25,g
6/27/2015 6:22:08 AM,MrFruitSalt,iSmooth,Frenzy I,"$4,300",25,g
6/26/2015 7:50:16 AM,Feli,MrFruitSalt,Frenzy I,"$2,928",25,g
6/26/2015 12:17:01 AM,cupubank,Ranovan,Frenzy VI,"$8,500",30,g
6/25/2015 1:39:38 PM,ayechihuahua,BeachBaby,Frenzy VI,"$100,000",58,g
6/29/2015 6:48:59 PM,kuledood32,DreamyState,Frenzy XII,"$2,500",27,g
6/27/2015 5:23:41 AM,JusticeFox,TheBroker,Fusion Beam I,"$3,454",47,g
6/30/2015 8:35:05 AM,MotherSky,ShootEm,Fusion Beam III,"$15,000",56,g
6/26/2015 5:15:32 AM,iSmooth,vebberxxx,Fusion Beam III,"$35,000",32,g
6/30/2015 12:34:36 PM,Dynaco420,ShootEm,Gargoyle III,"$6,000",19,g
6/26/2015 7:50:16 AM,Feli,TheBroker,Gargoyle III,"$2,928",39,g
6/29/2015 10:54:06 PM,blackcrow,devilsreject,Gargoyle VII,"$16,000",57,g
6/26/2015 12:02:12 AM,xXBannerXx,cupuexplorer,Gargoyle X,"$2,620",50,g
6/27/2015 10:40:29 AM,n000b,Bruar,Gargoyle XII,"$35,000",100,g
6/28/2015 3:28:37 AM,pastafazool,Countjimula,Gauss Cannon IV,"$10,000",24,g
6/27/2015 3:42:54 AM,MrFruitSalt,TheDarkOne,Gauss Cannon IV,"$3,500",24,g
6/28/2015 1:49:40 AM,endless,soyPendejo,Gauss Cannon V,"$250,000",46,p
6/27/2015 5:12:10 AM,SERIALKILLA,Skystriker,Gauss Cannon X,"$300,000",100,p
6/25/2015 8:30:08 AM,iSmooth,GoldDigger,Glory II,"$35,000",48,g
6/30/2015 1:00:04 PM,iSmooth,ajayb,Glory III,"$35,000",57,g
6/28/2015 6:17:04 AM,MUFC,iSmooth,Glory III,"$15,000",57,g
6/29/2015 4:34:23 AM,gladchap,iSmooth,Glory IV,"$14,999",35,g
6/27/2015 12:41:18 AM,icepick99,iSmooth,Glory V,"$20,000",64,g
6/29/2015 9:08:51 AM,losser,GunMetal,Glory VI,"$20,000",59,g
6/30/2015 10:22:50 AM,neelsie86,bliznit,Grappling Hook,"$2,750,000",87,p
6/26/2015 6:40:02 AM,Zombie1,nemisisVW,Grappling Hook,"$3,000,000",100,p
6/28/2015 9:42:57 AM,HermesLLC,DaGuide,Gravity Smasher III,"$15,000",16,g
6/28/2015 6:12:04 AM,Norris,EvilBetwee,Gravity Smasher VII,"$6,655",37,g
6/28/2015 9:43:57 AM,HermesLLC,DreamyState,Harpy V,"$7,500",32,g
6/30/2015 6:41:11 AM,LiAo,seeker66,Harpy VIII,"$2,744",32,g
6/29/2015 6:29:18 AM,Arcadia,flipper,Havok Mk. IV,"$35,000",52,g
6/30/2015 10:46:41 AM,neelsie86,bumalu,Havok Tech I,"$750,000",79,p
6/30/2015 9:54:52 AM,crook2908,shadowx,Havok Tech I,"$265,733",100,p
6/29/2015 9:16:15 PM,Mackem,bumalu,Havok Tech I,"$850,000",100,p
6/28/2015 4:52:01 AM,MUFC,FriedDuck,Havok Tech I,"$250,000",100,g
6/28/2015 4:52:03 AM,Ruvyen,FriedDuck,Havok Tech I,"$250,000",100,g
6/27/2015 11:27:51 AM,ibeatupkids,ZeroMotion,Havok Tech I,"$825,000",98,p
6/26/2015 4:55:58 AM,Buckeye27,ZeroMotion,Havok Tech I,"$800,000",100,p
6/25/2015 4:15:47 AM,jokerii,Zakalwe,Havok Tech I,"$250,000",100,g
6/27/2015 7:25:22 AM,SeanConnery,msp1,Havok Tech II,"$2,850,000",90,p
6/26/2015 2:17:21 AM,Tabitha,GENMaximus,Havok Tech III,"$20,000,000",95,w
6/26/2015 1:06:43 AM,RoyalGuard,Zeus484,Hellcannon IV,"$8,000",52,g
6/29/2015 8:24:20 PM,DangrousMind,Decoy1337,Hellcannon VII,"$7,000",59,g
6/25/2015 6:48:05 AM,SantaClaus13,bass,Hold-H102 IV,"$400,000",75,o
6/30/2015 6:56:53 AM,neelsie86,Countjimula,Hold-H103 III,"$5,000",32,g
6/30/2015 3:21:46 AM,wmbuRn,neelsie86,Hold-H103 III,"$2,000",32,g
6/30/2015 3:18:29 AM,bumalu,cupubank,Hold-H104 III,"$6,000",47,g
6/29/2015 9:14:29 PM,Lowe,Decoy1337,Hold-H105 III,"$4,995",26,g
6/29/2015 7:00:44 PM,reddahlia,Decoy1337,Hold-H106 IV,"$8,000",51,g
6/26/2015 3:30:19 AM,Deathknot,mictropmsu,Hold-H110 VIII,"$150,000",60,o
6/29/2015 9:21:20 PM,blackcrow,daradas,Hold-H112 IV,"$10,000",32,g
6/28/2015 4:23:13 AM,cupubank,Valflame,Hold-H115 V,"$9,000",60,g
6/30/2015 4:44:08 AM,Norris,cupubank,Hold-H116 VI,$863,56,g
6/30/2015 4:18:14 AM,Hoodie,FluffyT,Hold-H119 III,"$15,000",48,g
6/28/2015 7:53:07 AM,HermesLLC,xariol,Hold-H119 VI,"$15,000",62,g
6/26/2015 1:55:06 AM,2of9,Tertaerus,Hold-H121 V,"$9,999",28,g
6/27/2015 12:03:16 PM,iSmooth,Snowflake,Hold-H122 III,"$12,500",33,g
6/27/2015 5:35:49 AM,Skystriker,n000b,Hold-H122 VII,$707,31,g
6/26/2015 1:14:49 AM,Rhoxursox,Womble,Hold-H123 III,"$375,000",47,p
6/29/2015 5:45:18 PM,crook2908,EvilBetwee,Hold-H123 VII,"$50,000",64,g
6/29/2015 11:47:59 PM,squealinny,GSG21,Hold-H125 IV,"$20,000",37,g
6/26/2015 4:21:18 AM,cupubank,TheBroker,Hold-H125 V,"$4,000",26,g
6/27/2015 5:35:49 AM,Skystriker,n000b,Hold-H205 VI,$988,44,g
6/30/2015 10:43:17 AM,flipper,IneptFury,Hold-H207 VI,"$30,000",46,p
6/26/2015 1:52:06 AM,2of9,iSmooth,Hold-H208 IV,$999,38,g
6/28/2015 3:50:21 AM,HermesLLC,EvilBetwee,Hold-H209 VII,"$15,000",64,g
6/29/2015 1:41:52 AM,Arcadia,ifightnerdz,Hold-H212 III,"$6,000",16,g
6/30/2015 10:39:54 AM,Galactica,Cheesyman,Hold-H212 IV,"$10,000",22,g
6/29/2015 5:56:21 AM,pranatosh,eclipse406,Hold-H212 VI,"$102,000",44,g
6/28/2015 5:10:31 AM,Borg,DreamyState,Hold-H216 III,"$6,708",65,g
6/27/2015 12:16:06 PM,pyromonkey,Borg,Hold-H218 IV,"$20,000",44,b
6/29/2015 3:23:15 PM,Auburn14,DreamyState,Hold-H219 IV,"$7,500",26,g
6/26/2015 8:01:01 AM,Scar225,OneSith,Hold-H222 III,"$15,000",60,g
6/25/2015 5:34:57 AM,BaneBrE,KoD,Hold-P103 III,"$178,555",37,p
6/28/2015 2:58:21 AM,1KRYSIS,BVpieter,Hold-P103 V,$318,23,g
6/25/2015 2:50:14 PM,Mist,Typhon,Hold-P103 V,"$200,000",87,b
6/26/2015 8:54:29 AM,cupubank,FORSAKEN,Hold-P103 VII,"$9,500",64,g
6/26/2015 9:18:04 AM,qqking,iSmooth,Hold-P105 III,"$3,630",46,g
6/26/2015 4:21:26 AM,cupubank,TheBroker,Hold-P106 V,"$4,000",27,g
6/29/2015 3:27:09 AM,pastafazool,crow18,Hold-P107 VI,"$10,000",59,g
6/29/2015 12:33:14 AM,iSmooth,DRAGONIC,Hold-P109 III,"$9,500",61,g
6/27/2015 4:19:08 AM,HermesLLC,iSmooth,Hold-P109 III,"$6,000",62,g
6/30/2015 10:59:26 AM,assassinate,moi,Hold-P113 III,$900,46,g
6/29/2015 11:11:10 PM,n000b,badbeeson,Hold-P113 III,"$95,000",31,g
6/27/2015 7:21:40 AM,noumanon,n000b,Hold-P113 III,"$25,000",31,g
6/30/2015 1:47:31 PM,SWAT,GEBDRA,Hold-P113 IV,"$5,500",45,g
6/26/2015 3:26:56 AM,IAMAALT,Borg,Hold-P116 V,"$75,000",23,p
6/30/2015 12:03:45 AM,TheCrippler,DreamyState,Hold-P119 IV,"$1,000",21,g
6/27/2015 4:23:08 AM,joeydice,HermesLLC,Hold-P121 III,"$1,000",39,g
6/27/2015 3:50:56 AM,SWAT,TheDarkOne,Hold-P121 IX,"$10,000",39,b
6/30/2015 9:56:52 AM,n000b,amarch,Hold-P121 X,"$50,000",100,b
6/26/2015 8:54:06 AM,Arcadia,FORSAKEN,Hold-P122 V,"$12,000",51,g
6/27/2015 4:23:08 AM,joeydice,iSmooth,Hold-P123 III,"$1,996",55,g
6/28/2015 2:58:21 AM,1KRYSIS,BVpieter,Hold-P123 VIII,"$1,014",64,g
6/27/2015 5:41:28 AM,pranatosh,eclipse406,Hold-P203 VI,"$109,000",51,g
6/28/2015 10:31:16 AM,iSmooth,ShootEm,Hold-P204 III,"$9,500",52,g
6/26/2015 1:53:06 AM,2of9,iSmooth,Hold-P204 III,"$1,599",52,g
6/25/2015 3:59:50 PM,stexi,Kazuya,Hold-P205 VII,"$26,000",25,b
6/30/2015 3:59:27 AM,cupubank,HalcyonicHun,Hold-P206 III,"$14,000",100,g
6/28/2015 12:21:44 AM,iSmooth,Hardcoreboy,Hold-P208 III,"$9,500",30,g
6/26/2015 8:37:40 AM,TheBroker,cronut,Hold-P208 III,"$5,500",38,g
6/26/2015 2:21:35 AM,ibeatupkids,GENMaximus,Hold-P214 VI,"$8,000",60,g
6/25/2015 9:11:58 PM,Cheesyman,chucklemub,Hold-P215 V,"$75,000",23,g
6/28/2015 12:59:37 AM,ficwriterpau,PortLeon,Hold-P221 III,"$8,900",48,g
6/29/2015 2:51:39 PM,TBRealms,dzei,Hold-P222 V,"$27,600",47,g
6/30/2015 12:00:04 AM,blackcrow,Kazuya,Hold-P223 IV,"$25,000",53,g
6/29/2015 10:13:00 AM,neelsie86,bgog97522,Hold-P223 V,"$10,000",45,g
6/29/2015 9:15:47 PM,Deathknot,Everyone,Hold-P223 V,"$50,000",51,g
6/30/2015 1:14:17 AM,UN0WNR4M,moi,Hold-P224 VII,"$7,159",61,b
6/29/2015 9:15:01 PM,siddhis,Everyone,Hold-R104 V,"$25,000",53,g
6/25/2015 11:53:41 AM,uMadBro,Typhoon,Hold-R107 V,"$1,210,000",100,o
6/26/2015 12:34:58 AM,Metalgirl,Bird21,Hold-R107 VI,"$50,000",100,b
6/26/2015 7:41:16 AM,royalm,UncleBadtouc,Hold-R107 VI,"$75,000",100,b
6/28/2015 4:55:14 AM,Deathknot,Valflame,Hold-R113 VI,"$50,000",100,b
6/26/2015 4:44:03 AM,Arcadia,TheQ,Hold-R122 IV,"$25,000",94,g
6/25/2015 1:10:25 AM,VistaCruiser,Gruben,Hold-R207 VI,"$140,000",100,b
6/26/2015 3:30:28 AM,WarKrimez,mictropmsu,Hold-R208 X,"$200,000",40,o
6/28/2015 9:17:21 AM,XxSeekerxX,IronRaja,Hold-R211 IV,"$15,000",65,g
6/28/2015 8:51:16 AM,jrsjessejrs1,Womble,Hold-W103 III,"$20,000",49,g
6/26/2015 2:16:25 AM,sizzlepants,jrsjessejrs1,Hold-W103 III,"$10,000",49,g
6/25/2015 6:51:07 AM,iSmooth,spacejuggalo,Hold-W103 III,"$95,000",61,b
6/29/2015 9:05:38 AM,Deathc,iSmooth,Hold-W104 III,"$5,500",38,g
6/30/2015 12:17:58 PM,Goosepoop,Redeye16,Hold-W104 VI,"$15,000",63,g
6/25/2015 1:48:14 PM,HermesLLC,Norris,Hold-W107 IV,"$60,000",39,b
6/27/2015 7:23:45 AM,noumanon,n000b,Hold-W107 VII,"$9,000",100,g
6/26/2015 3:34:03 AM,HermesLLC,SaraMcRealm,Hold-W110 VII,"$10,000",39,g
6/26/2015 3:28:53 AM,Foldem,SaraMcRealm,Hold-W111 VII,"$28,400",28,g
6/29/2015 10:05:10 PM,DreamyState,CdrHydra,Hold-W114 IV,"$15,000",26,g
6/25/2015 1:47:13 PM,Foldem,Graystripe,Hold-W115 III,"$50,000",100,g
6/26/2015 6:02:22 AM,kamkiriad,iSmooth,Hold-W115 IV,"$5,000",57,g
6/25/2015 3:50:50 PM,ibeatupkids,Romafia,Hold-W115 IV,"$250,000",38,g
6/26/2015 1:21:51 AM,HermesLLC,airru,Hold-W116 VI,"$15,000",59,g
6/30/2015 12:41:23 PM,RMSinc,iSmooth,Hold-W117 III,"$1,650",47,g
6/29/2015 11:12:56 AM,pyromonkey,DRAGONIC,Hold-W117 VII,"$9,000",32,g
6/27/2015 4:23:08 AM,joeydice,HermesLLC,Hold-W119 III,"$3,000",23,g
6/30/2015 1:03:17 AM,mictropmsu,DreamyState,Hold-W119 VIII,"$5,705",33,b
6/27/2015 5:05:19 AM,kanman,n000b,Hold-W122 VII,"$2,000",18,g
6/27/2015 6:43:54 AM,n000b,noumanon,Hold-W122 VII,"$23,000",18,g
6/30/2015 1:43:34 AM,plons,moi,Hold-W123 III,"$8,500",44,g
6/28/2015 4:29:15 AM,cyber178,EvilBetwee,Hold-W123 VII,"$150,000",80,b
6/29/2015 7:40:47 PM,siddhis,Duffy,Hold-W125 VII,"$7,000",53,g
6/28/2015 12:57:31 AM,HermesLLC,DarthNexus,Hold-W202 III,"$8,000",53,g
6/26/2015 1:28:34 AM,Cyka,MrFruitSalt,Hold-W203 IV,"$10,000",38,g
6/26/2015 10:09:00 AM,stexi,DiZZLe,Hold-W209 III,"$11,000",34,g
6/29/2015 11:58:39 AM,plons,float1,Hold-W211 IV,"$9,500",58,g
6/30/2015 10:09:30 AM,bliznit,PureEliza,Hold-W212 II,"$150,000",50,b
6/29/2015 6:15:41 PM,walter1989,bliznit,Hold-W212 II,"$99,995",50,b
6/25/2015 12:28:40 PM,PunkyBruiser,MrSWIV,Hold-W212 V,"$30,000",18,g
6/26/2015 8:04:43 AM,Skystriker,Rikku1333,Hold-W212 VII,"$10,000",64,g
6/29/2015 9:26:40 AM,pastafazool,bgog97522,Hold-W216 III,"$10,000",37,g
6/29/2015 4:57:53 PM,TheBroker,EvilBetwee,Hold-W216 VI,"$5,000",61,g
6/26/2015 4:21:09 AM,cupubank,TheBroker,Hold-W219 V,"$3,500",27,g
6/28/2015 3:14:30 AM,ibeatupkids,DreamyState,Hold-W221 III,"$2,000",21,g
6/26/2015 7:58:24 AM,markcalico,TheBroker,Hold-W222 VII,"$2,500",40,g
6/28/2015 8:09:36 AM,iSmooth,LilBelle,Hold-W223 III,"$9,500",57,g
6/27/2015 4:22:08 AM,HermesLLC,iSmooth,Hold-W223 III,"$5,000",57,g
6/25/2015 1:08:31 AM,ayechihuahua,phillipjacks,Holocrine Shield I,"$70,000",100,g
6/30/2015 1:13:14 AM,iSmooth,Tsieadin,Holocrine Shield II,"$9,500",48,g
6/30/2015 2:17:57 AM,stexi,iSmooth,Holocrine Shield III,"$3,500",52,g
6/28/2015 9:57:05 AM,HermesLLC,DreamyState,Holocrine Shield III,"$7,500",43,g
6/25/2015 8:31:23 AM,ibeatupkids,Chronic2000,Holocrine Shield IV,"$35,000",64,b
6/25/2015 1:34:54 AM,Zakalwe,MissMaggieX,Holocrine Shield IX,"$100,000",100,b
6/26/2015 2:50:37 AM,DAN2,iSmooth,Holocrine Shield V,"$1,492",54,g
6/29/2015 4:38:21 PM,SilverLance,Fall606,Holocrine Shield X,"$150,000",62,g
6/28/2015 5:32:01 AM,DramaBoy,Mackem,Holocrine Shield XI,"$90,000",100,b
6/26/2015 7:49:16 AM,Feli,Typhuss,Holocrine Shield XI,"$3,000",24,g
6/26/2015 7:56:16 AM,quiyet,Rikku1333,Holocrine Shield XI,"$75,000",54,b
6/25/2015 11:41:17 PM,Rhoxursox,FREAKYTMB,Holocrine Shield XIII,"$300,000",68,p
6/27/2015 9:38:35 AM,oculista,typhuss2,Holocrine Shield XV,"$400,000",100,p
6/30/2015 12:15:22 AM,iSmooth,Kronic,Horror II,"$29,000",27,g
6/30/2015 11:40:51 AM,DreamyState,iSmooth,Horror III,"$11,000",34,g
6/26/2015 7:39:08 AM,sacudido,iSmooth,Horror III,"$10,000",36,g
6/25/2015 1:53:11 PM,GalaxyGamer,Marnok,Horror IX,"$250,000",60,p
6/25/2015 9:56:37 AM,jokerii,GalaxyGamer,Horror IX,"$135,897",60,p
6/25/2015 1:02:59 AM,ENZO2,Fireman4499,Horror XI,"$120,000",100,g
6/25/2015 1:04:36 AM,ayechihuahua,SuperMagnus,HX-V11,"$800,000",100,g
6/30/2015 4:33:08 AM,headstrike,2of9,HX-V12,"$100,000",100,b
6/27/2015 10:15:10 AM,SacredTaint,theflax,HX-V12,"$500,000",60,p
6/28/2015 8:02:43 AM,nemisisVW,neelsie86,HX-V2,"$375,000",35,g
6/25/2015 4:53:30 PM,,FORSAKEN,HX-V5,"$50,000",100,g
6/27/2015 11:38:47 AM,bumalu,badbeeson,HX-V6,"$9,000",16,g
6/25/2015 4:13:51 PM,kolpo,amarch,HX-V8,"$6,000,000",63,w
6/28/2015 5:31:40 AM,gn0m3aN,DaGuide,Hydra IX,"$5,000",55,g
6/29/2015 8:57:00 PM,Mackem,GreenDragon,Incinerator VII,"$149,000",100,g
6/28/2015 2:59:22 AM,1KRYSIS,DreamyState,Incinerator VIII,"$2,227",26,g
6/26/2015 7:50:16 AM,Feli,TheBroker,Ion Cannon II,"$2,420",16,g
6/27/2015 10:20:22 AM,SkippyD,TheBroker,Ion Cannon IV,"$3,135",18,g
6/26/2015 9:04:28 AM,caffeine,GENMaximus,Ion Cannon VIII,"$10,000",64,g
6/28/2015 2:37:10 AM,cupubank,Kark,Ion Cannon XII,"$22,000",65,g
6/30/2015 10:23:08 AM,klepto,DiZZLe,Ion Cannon XIII,"$110,000",100,p
6/25/2015 3:08:25 PM,IronRaja,23Enigma,Kismet Gambit VII,"$200,000",100,p
6/27/2015 8:58:02 AM,kamkiriad,Dcube28,Kismet Gambit VIII,"$4,000,000",100,w
6/25/2015 7:16:10 AM,UNSC117,23Enigma,Kismet Gambit VIII,"$50,000",90,b
6/29/2015 6:08:22 AM,Aishtom,aaronp,Kismet Gambit XII,"$45,000",29,g
6/25/2015 8:18:54 PM,badbeeson,JLM,Kismet Gambit XIV,"$650,000",100,o
6/29/2015 4:01:47 AM,cupubank,Borg,LCD-V1,"$30,000",100,g
6/29/2015 7:03:08 AM,jackncoke2,CaptainHook,LCD-V1,"$150,000",100,b
6/28/2015 9:33:43 AM,dopyHC,bgvoin,LCD-V1,"$460,800",80,p
6/27/2015 4:48:09 AM,lekgolo422,Skystriker,LCD-V1,"$1,750,000",100,o
6/25/2015 3:22:19 AM,M30W,WarKrimez,LCD-V1,"$100,000",73,b
6/30/2015 5:29:04 AM,neelsie86,TheQUE,LCD-V12,"$15,000",56,g
6/30/2015 12:00:42 PM,DarkForce,exmachina,LCD-V2,"$700,000",95,p
6/25/2015 4:18:25 AM,Dynaco420,Zakalwe,LCD-V5,"$300,000",100,b
6/25/2015 6:10:01 PM,Arcadia,Tertaerus,LCD-V9,"$150,000",68,b
6/30/2015 5:02:25 AM,iSmooth,grimreaper,Mass Driver II,"$12,500",36,g
6/30/2015 11:16:17 AM,SwineFlu,GunMetal,Mass Driver IX,"$15,000",100,g
6/30/2015 3:41:37 AM,TheCrippler,neelsie86,Mass Driver VI,"$2,075",64,g
6/30/2015 12:22:29 AM,stexi,Gunsmoke187,Mass Driver XIII,"$30,000",50,b
6/30/2015 12:53:04 AM,stexi,Voltz,Mass Driver XV,"$7,000",19,g
6/27/2015 2:34:04 AM,cyber178,SkippyD,Matter Inverter XIV,"$15,000",49,g
6/28/2015 7:27:34 AM,neelsie86,jokeri,Matter Inverter XIX,"$1,600,000",99,o
6/25/2015 11:32:40 PM,DayanaBR,cyclopss,Matter Inverter XV,"$250,000",67,p
6/25/2015 6:59:24 AM,fr1endly,DarkForce,Matter Inverter XXIII,"$200,000",100,p
6/30/2015 12:22:39 AM,Ruvyen,Gunsmoke187,Meson Blaster V,"$25,000",38,b
6/28/2015 3:26:15 AM,BaneBrE,Bug,Meson Blaster VII,"$4,555",39,g
6/25/2015 7:01:48 AM,BisoN,DarkForce,Mutilator XI,"$300,000",54,g
6/28/2015 10:52:26 AM,Typhon,kilo,Mutilator XIII,"$950,000",100,r
6/27/2015 11:35:09 AM,phillipjacks,Neroon,Neutron Drive,"$4,950,753",115,b
6/26/2015 3:35:58 AM,spudplug,AF,Neutron Drive,"$3,500,000",115,b
6/26/2015 7:39:53 AM,IdStew,Zombie1,Neutron Drive,"$4,000,000",115,g
6/30/2015 6:41:32 AM,bliznit,ShadyDream,Nova Device,"$2,500,000",87,p
6/27/2015 10:59:42 AM,Scar225,JSnow,Oblivion I,"$35,000",91,g
6/29/2015 11:26:21 PM,Fluffy79,DreamyState,Oblivion VIII,"$2,909",55,g
6/25/2015 1:49:33 PM,Larionov8,Marnok,Oblivion XI,"$155,000",100,b
6/25/2015 4:49:03 AM,chucklemub,TitanUranus,Omega Rifle II,"$200,000",52,g
6/26/2015 3:33:05 AM,Cyka,SaraMcRealm,Ophidian III,"$10,000",53,g
6/28/2015 5:51:48 AM,MUFC,iSmooth,Ophidian IV,"$2,009",52,g
6/27/2015 4:49:24 AM,TheBroker,Duffy,Ophidian V,"$5,000",16,g
6/28/2015 2:07:57 AM,TheBroker,ajx225,Ophidian X,"$5,000",39,g
6/29/2015 6:24:17 AM,Arcadia,iSmooth,Osmium Armor I,"$2,000",44,g
6/30/2015 1:59:43 PM,cupubank,GEBDRA,Osmium Armor II,"$12,500",62,g
6/27/2015 5:14:54 AM,siddhis,ksigcard,Osmium Armor II,"$15,000",48,g
6/29/2015 10:22:29 PM,GoranKall,DreamyState,Osmium Armor IV,"$10,000",49,g
6/30/2015 6:40:13 AM,DangrousMind,cupubank,Osmium Armor IX,"$7,000",61,g
6/30/2015 1:44:33 PM,SwampA,ziuteq,Osmium Armor V,"$15,000",35,g
6/29/2015 3:21:55 AM,iSmooth,crow18,Osmium Armor V,"$12,500",32,g
6/26/2015 12:58:25 AM,GreenGlow6,iSmooth,Osmium Armor V,"$5,000",32,g
6/26/2015 1:48:07 AM,Goosepoop,NineLashes,Osmium Armor V,"$15,000",31,g
6/26/2015 2:51:57 AM,Galactica,NineLashes,Osmium Armor V,"$14,000",36,g
6/26/2015 7:01:50 AM,MrFruitSalt,RapisherPro,Osmium Armor V,"$4,500",39,g
6/30/2015 4:10:08 AM,Moji,FluffyT,Osmium Armor VI,"$13,000",56,g
6/29/2015 6:44:27 AM,Arcadia,bgog97522,Osmium Armor VI,"$20,000",26,g
6/29/2015 7:36:31 PM,neelsie86,Ginger777,Osmium Armor VI,"$200,000",92,p
6/27/2015 8:40:23 AM,MUFC,cupubank,Osmium Armor VI,"$1,520",56,g
6/26/2015 12:01:31 AM,cupubank,ajayb,Osmium Armor VI,"$6,500",30,g
6/26/2015 8:05:05 AM,BaneBrE,iSmooth,Osmium Armor VI,"$7,555",57,g
6/25/2015 9:38:57 PM,squealinny,SeanConnery,Osmium Armor VI,"$150,000",61,b
6/30/2015 12:15:31 AM,Auburn14,Kronic,Osmium Armor X,"$15,000",61,g
6/30/2015 6:31:04 AM,Leland,iSmooth,Osmium Armor X,"$4,995",43,g
6/25/2015 9:38:18 PM,WarKrimez,SeanConnery,Osmium Armor XI,"$175,000",100,b
6/25/2015 5:05:28 AM,ibeatupkids,jokerii,Osmium Armor XII,"$250,000",39,p
6/25/2015 8:15:22 AM,iSmooth,BatHC,Osmium Armor XII,"$35,000",56,g
6/25/2015 9:00:32 PM,PoonCrusher,Rhoxursox,Osmium Armor XIV,"$112,092",65,p
6/30/2015 12:10:09 AM,iSmooth,andybt,Pain III,"$12,500",43,g
6/28/2015 2:09:57 AM,TheBroker,ajx225,Pain III,"$5,000",27,g
6/27/2015 2:26:14 AM,TheDarkOne,cupubank,Pain IV,"$7,000",51,g
6/26/2015 1:33:38 AM,Zeus484,Setan1501,Pain V,"$2,750,000",100,r
6/28/2015 9:46:57 AM,HermesLLC,iSmooth,Penatrator II,"$6,000",58,g
6/30/2015 9:19:57 AM,SwineFlu,Idomeneus,Penatrator VIII,"$145,000",100,p
6/30/2015 1:31:08 PM,ibeatupkids,ziuteq,Penatrator XI,"$32,000",44,b
6/25/2015 9:44:47 PM,HermesLLC,genpedoro,Penatrator XI,"$140,000",58,p
6/30/2015 9:56:15 AM,iSmooth,spazzing,Phaser II,"$9,500",64,g
6/28/2015 3:56:52 AM,SWAT,Borg,Plasma Lance III,"$12,100",45,b
6/27/2015 3:34:56 AM,cyber178,MrFruitSalt,Plasma Lance VII,"$30,000",77,b
6/27/2015 6:06:02 AM,soyPendejo,Skystriker,Plasma Lance XVI,"$300,000",60,p
6/28/2015 7:20:36 AM,Snoopy324,iSmooth,Prophecy II,"$4,900",54,g
6/30/2015 9:37:44 AM,Countjimula,cupubank,Prophecy III,"$5,000",38,g
6/30/2015 10:17:18 AM,GoldDigger,Rhoxursox,Prospector,"$325,000",100,b
6/26/2015 8:48:52 AM,FREAKYTMB,Applecake,Prospector,"$400,000",100,b
6/29/2015 6:48:46 PM,Ginger777,DroneRaider,Proton Launcher III,"$200,000",100,p
6/26/2015 12:02:50 AM,RivenDeckard,followme,Proton Launcher V,"$675,000",100,o
6/25/2015 9:21:17 PM,plons,bloodshed,Pulverizer II,"$35,000",63,g
6/29/2015 11:06:22 AM,UrsaMinor,iguy,Pulverizer XIV,"$220,000",100,p
6/28/2015 12:28:09 AM,kedem,draposopard,Pulverizer XV,"$300,000",100,o
6/27/2015 10:20:22 AM,SkippyD,TheDarkOne,Radiance V,"$3,996",58,g
6/30/2015 1:21:47 PM,daddio,Wolfgard,Rail Gun I,"$4,950",35,g
6/28/2015 1:13:50 AM,Idomeneus,AscensionIV,Rail Gun II,"$10,000",55,g
6/28/2015 8:43:01 AM,cyber178,Womble,Rail Gun V,"$50,000",61,b
6/25/2015 8:29:23 AM,iSmooth,GoldDigger,Rapture II,"$39,000",49,g
6/30/2015 8:19:04 AM,UrsaKodiak,ifightnerdz,Rapture IV,"$35,000",78,g
6/26/2015 9:45:20 AM,devilsreject,BaneBrE,Rapture IV,"$396,005",100,b
6/25/2015 1:35:19 PM,iSmooth,DrFumbles86,Rapture V,"$39,000",100,g
6/27/2015 4:20:08 AM,joeydice,TheBroker,Rapture VII,"$3,327",26,g
6/28/2015 2:57:21 AM,1KRYSIS,lemans,Ravager XV,"$3,582",65,g
6/30/2015 3:17:19 AM,DangrousMind,neelsie86,Riftbreaker XI,"$7,000",26,g
6/30/2015 2:02:17 PM,kuledood32,jrsjessejrs1,Ripper I,"$10,000",33,g
6/26/2015 2:40:29 AM,IAMAALT,iSmooth,Ripper III,"$2,229",64,g
6/28/2015 3:47:12 AM,bloodshed,iSmooth,Ripper IV,"$5,000",62,g
6/26/2015 9:19:03 AM,qqking,seeker66,Ripper IV,"$2,928",50,g
6/28/2015 5:37:47 AM,ETphoneHOME,Bug,Ripper VII,"$10,000",61,g
6/26/2015 1:14:40 AM,UrsaMajor,Womble,Ruin V,"$350,000",100,p
6/29/2015 8:53:27 PM,draposopard,dannyshane,Sage Tech I,"$500,000",94,b
6/25/2015 1:31:45 PM,RoyalSpy,Marnok,Sage Tech I,"$425,000",82,b
6/25/2015 1:15:17 AM,de2zzY,cyber178,Sage Tech I,"$350,000",100,b
6/25/2015 8:30:36 AM,iSmooth,GoldDigger,Screamer II,"$29,000",100,g
6/27/2015 12:51:19 AM,HermesLLC,iSmooth,Screamer V,"$10,000",77,g
6/28/2015 9:49:57 AM,HermesLLC,Mackem,Screamer VII,"$10,000",23,g
6/26/2015 8:51:13 AM,cyber178,ajayb,Serpent IV,"$50,000",64,b
6/28/2015 9:49:57 AM,HermesLLC,DaGuide,Serpent XI,"$15,000",39,g
6/27/2015 1:25:41 AM,rader953,orbit4,Silence VII,"$7,500",34,g
6/30/2015 1:29:22 PM,ziuteq,Everyone,Skip Drive,"$86,400",70,g
6/29/2015 11:16:28 PM,assassinate,devilsreject,Skip Drive,"$400,000",100,p
6/29/2015 5:56:02 AM,StarRider,Everyone,Skip Drive,"$220,000",100,g
6/29/2015 1:17:30 AM,jimedimy,iSmooth,Skip Drive,"$200,000",100,g
6/28/2015 7:17:36 AM,StarRider,DiZZLe,Skip Drive,"$220,000",100,g
6/28/2015 7:49:35 AM,Mackem,iSmooth,Skip Drive,"$205,000",100,g
6/28/2015 9:45:25 AM,Mackem,plau,Skip Drive,"$205,000",100,g
6/28/2015 10:29:24 AM,Mackem,kilo,Skip Drive,"$505,000",100,o
6/28/2015 10:30:20 AM,iSmooth,GreenDragon,Skip Drive,"$249,000",100,g
6/27/2015 4:24:12 AM,TychusTwo,Bu11dog,Skip Drive,"$415,000",51,o
6/27/2015 9:29:52 AM,irwanjoe,BigO,Skip Drive,"$400,000",100,p
6/27/2015 9:29:53 AM,Ginger777,BigO,Skip Drive,"$450,000",100,p
6/27/2015 9:55:12 AM,joeydice,JusticeFox,Skip Drive,"$600,000",84,o
6/26/2015 1:25:52 AM,MadJackster,galactiga,Skip Drive,"$399,999",100,p
6/26/2015 9:17:43 AM,Azrael,DaGuide,Skip Drive,"$170,000",100,g
6/26/2015 9:59:33 AM,Azrael,jaxk,Skip Drive,"$170,000",100,g
6/25/2015 1:04:40 AM,MadJackster,mikeobe14,Skip Drive,"$350,000",100,p
6/25/2015 6:11:43 AM,Wolf87,Arcadia,Skip Drive,"$247,500",59,p
6/25/2015 6:11:43 AM,Wolf87,thekaz,Skip Drive,"$247,500",61,p
6/25/2015 9:58:37 AM,Gill86,galactiga,Skip Drive,"$180,000",33,g
6/25/2015 4:56:58 AM,Azrael,Keymaniwash,Skip Drive,"$150,000",100,g
6/27/2015 12:51:19 AM,HermesLLC,iSmooth,Smolder I,"$6,000",25,g
6/28/2015 8:29:59 AM,iSmooth,SilverLance,Smolder II,"$15,000",40,g
6/27/2015 5:34:17 AM,stexi,exodeadh,Smolder V,"$17,000",57,g
6/29/2015 4:43:45 PM,sacudido,DreamyState,Smolder VI,"$2,356",33,g
6/25/2015 5:37:26 PM,thetato,magnum500ask,Soultaker III,"$600,000",100,p
6/30/2015 12:47:09 AM,KrytonRD,Squints,Starshatter IX,"$32,418",30,g
6/26/2015 6:40:27 AM,iSmooth,DarkForce,Starshatter VI,"$150,000",30,g
6/25/2015 3:25:41 PM,Buckeye27,grmmff2,Starshatter VI,"$1,600,000",71,o
6/29/2015 9:25:16 AM,Zekk,irwanjoe,Starshatter VII,"$1,500,000",77,o
6/25/2015 3:52:29 AM,VistaCruiser,,Starshatter VIII,"$300,000",100,b
6/30/2015 8:21:04 AM,amarch,GoldDigger,Stealth Drive,"$2,250,000",100,g
6/30/2015 10:31:47 AM,neelsie86,bliznit,Stealth Drive,"$2,000,000",91,b
6/29/2015 10:03:18 AM,irwanjoe,amarch,Stealth Drive,"$2,000,000",100,g
6/28/2015 3:54:19 AM,olo,Bruar,Stealth Drive,"$1,990,000",100,g
6/26/2015 2:32:43 AM,Zombie1,GENMaximus,Stealth Drive,"$2,500,000",100,g
6/25/2015 1:15:23 AM,kamki,Gruben,Stealth Drive,"$2,800,000",100,b
6/25/2015 10:19:48 PM,iSmooth,Idomeneus,Storage II,"$29,000",99,g
6/29/2015 10:38:44 PM,UN0WNR4M,BlueGoo,Storage III,"$50,000",80,b
6/28/2015 4:28:45 AM,iSmooth,EvilBetwee,Storage III,"$23,000",67,g
6/29/2015 7:29:32 AM,draposopard,dangerseeker,Storage IV,"$420,420",40,o
6/28/2015 4:28:37 AM,iSmooth,EvilBetwee,Storage IV,"$15,000",41,g
6/28/2015 4:58:37 AM,TychusTwo,EvilBetwee,Storage IV,"$100,000",42,p
6/26/2015 1:13:50 AM,Marnok,iSmooth,Storage IV,"$1,000",41,g
6/27/2015 3:53:06 AM,Azrael,TheDarkOne,Storage IX,"$40,000",100,p
6/29/2015 4:58:53 PM,TheBroker,EvilBetwee,Storage V,"$5,000",39,g
6/27/2015 2:05:57 AM,BlueGoo,bennyshill,Storage V,"$36,000",100,b
6/26/2015 5:42:14 AM,Marnok,TheBroker,Storage V,$591,39,g
6/25/2015 7:14:32 AM,MissIsle,VitaminH,Storage VI,"$70,000",100,p
6/30/2015 1:36:54 AM,MrFruitSalt,tomlinson25,Storage VIII,"$110,000",96,o
6/28/2015 9:49:57 AM,HermesLLC,Mackem,Succubus III,"$10,000",100,g
6/27/2015 12:11:37 PM,ficwriterpau,Snowy965,Succubus III,"$8,800",25,g
6/29/2015 6:44:53 AM,olo,Bu11dog,Tank,"$490,000",100,b
6/25/2015 4:32:51 AM,assramer,snotling,Tank,"$500,000",100,g
6/30/2015 5:35:16 AM,ShadyDream,ZeroMotion,Technician,"$900,000",90,p
6/30/2015 7:05:54 AM,draposopard,ShadyDream,Technician,"$750,000",100,p
6/26/2015 5:15:57 AM,Kark,spudplug,Technician,"$685,000",100,g
6/25/2015 3:45:44 PM,galactiga,StoneOfFaith,Technician,"$800,000",100,b
6/29/2015 1:43:25 AM,KiNgDaA,DRAGONIC,Thorium Armor I,"$9,000",78,g
6/28/2015 10:01:03 AM,Skystriker,Idomeneus,Thorium Armor III,"$25,000",52,b
6/30/2015 6:33:10 AM,Leland,IronBank,Thorium Armor VII,"$2,744",34,g
6/29/2015 1:42:47 AM,RobotMonkey,IronBank,Thorium Armor X,"$25,000",56,g
6/27/2015 12:57:20 AM,SantaClaus13,Duffy,Thorium Armor XI,"$25,000",23,b
6/27/2015 1:27:16 AM,HermesLLC,orbit4,Thorium Armor XIV,"$15,000",55,g
6/29/2015 1:42:47 AM,RobotMonkey,IronBank,Thorium Armor XV,"$25,000",60,g
6/26/2015 3:30:49 AM,BaneBrE,SaraMcRealm,Titanium Hull II,"$15,555",36,g
6/29/2015 6:43:38 AM,Mackem,Bu11dog,Titanium Hull III,"$99,500",50,b
6/27/2015 5:16:18 AM,grokmakspear,ksigcard,Titanium Hull IV,"$34,000",29,g
6/27/2015 5:24:49 AM,Neal2Me,HermesLLC,Titanium Hull IX,"$2,500",19,g
6/27/2015 7:05:36 AM,TBRealms,HermesLLC,Titanium Hull VI,"$3,000",21,g
6/29/2015 4:36:37 PM,sacudido,Auburn14,Titanium Hull XI,"$15,000",56,g
6/28/2015 12:12:01 AM,iSmooth,jaxk,Titanium Hull XI,"$29,000",55,g
6/26/2015 8:43:42 AM,Arcadia,Azrael,Titanium Hull XI,"$90,000",94,b
6/25/2015 1:16:21 AM,WarKrimez,MissIsle,Titanium Hull XII,"$1,000,000",80,o
6/29/2015 6:50:11 PM,Ginger777,DroneRaider,Titanium Hull XIII,"$350,000",100,p
6/28/2015 2:58:21 AM,1KRYSIS,Batcarrier,Titanium Hull XIII,"$1,371",52,g
6/27/2015 10:25:21 AM,StarRider,GENMaximus,Titanium Hull XVIII,"$3,250,000",100,r
6/28/2015 5:45:22 AM,Mackem,Tertaerus,Titanium Hull XXIV,"$1,450,000",100,o
6/30/2015 5:08:23 AM,amarch,neelsie86,Toil Mk. I,"$2,523",41,g
6/29/2015 10:55:04 PM,bully306,GSG21,Toil Mk. I,"$1,584",50,g
6/25/2015 5:50:52 PM,Larionov8,DroneRaider,Toil Mk. I,"$100,000",100,g
6/25/2015 7:11:34 PM,biscutsngrvy,Vahannus,Toil Mk. I,"$35,000",36,g
6/25/2015 8:27:51 AM,KariJo,SmokeBreezy,Toil Mk. III,"$500,000",32,o
6/30/2015 10:18:01 AM,assassinate,HoyaSaxa2,Toil Tech I,"$250,000",100,g
6/28/2015 6:24:49 AM,RoyalSword,Jdeeznuts,Toil Tech I,"$300,000",100,b
6/26/2015 6:55:20 AM,SoulRocker,jasper66,Toil Tech II,"$2,600,000",100,o
6/26/2015 6:44:03 AM,aem2991,violentium,Tractor Beam,"$3,200,000",100,p
6/25/2015 10:35:26 AM,Gaia,TexanSOB,Tractor Beam,"$5,000,000",100,o
6/30/2015 5:45:41 AM,TBRealms,ifightnerdz,Viper III,"$5,000",25,g
6/28/2015 2:17:43 AM,healforone,gladchap,Viper XII,"$4,999",33,g
6/26/2015 1:14:23 AM,cupubank,airru,Voidblaster VI,"$50,000",30,b
6/29/2015 7:30:59 PM,PYROIS,Ginger777,Voidblaster XIII,"$1,213,000",100,o
6/28/2015 4:27:08 AM,BlueGoo,EvilBetwee,Warrior Tech I,"$105,000",100,g
6/25/2015 11:31:56 PM,Zakalwe,HoyaSaxa2,Warrior Tech I,"$75,000",100,g
6/29/2015 10:10:09 AM,2of9,irwanjoe,Warrior Tech II,"$1,999,999",100,p
6/29/2015 2:42:45 AM,Mackem,DeathKid,WP-V1,"$205,000",100,g
6/30/2015 9:46:39 AM,SwampA,DiZZLe,WP-V11,"$20,000",18,g
6/28/2015 8:32:21 AM,dopyHC,neelsie86,WP-V12,"$500,000",75,p
6/28/2015 9:50:57 AM,JusticeFox,Zeus484,WP-V12,"$100,000",100,b
6/29/2015 7:50:35 PM,GreenDragon,DarkForce,WP-V2,"$650,000",38,b
6/26/2015 12:15:08 AM,GreenDragon,GreenGlow6,WP-V2,"$300,000",100,p
6/25/2015 10:58:42 AM,WarKrimez,xDANx,WP-V3,"$1,000,000",40,o
6/29/2015 6:00:53 AM,GoldDigger,aaronp,WP-V4,"$250,000",100,b
6/28/2015 1:48:42 AM,Hegemony,viking2010,WP-V5,"$300,000",100,g
6/25/2015 12:16:05 AM,MadJackster,Indemnity,WP-V5,"$1,999,999",100,o
6/25/2015 5:36:42 AM,bumalu,KoD,WP-V5,"$725,000",100,p
6/25/2015 12:13:18 AM,bliznit,sacudido,WP-V5,"$550,000",100,b
6/25/2015 10:28:36 AM,Hoodie,panache,WP-V6,"$30,000",38,g
6/30/2015 9:13:34 AM,WarKrimez,BigThreat,WP-V7,"$500,000",85,p
6/27/2015 5:54:54 AM,Duffy,xWarlord24x,WP-V9,"$20,000",29,g
6/30/2015 10:21:00 AM,iSmooth,Cheesyman,Wyvern IV,"$22,000",25,g
6/26/2015 2:08:14 AM,pelotas,cupubank,Wyvern VII,"$2,411",61,g
6/29/2015 1:17:39 AM,reddahlia,dk0307,Wyvern XII,"$45,000",32,b
6/27/2015 12:11:38 AM,Superman1333,shadow46,Wyvern XIV,"$75,000",32,b
